
Insert into OE_APIS_OAUTH2.ACCESSTOKEN (ID,CREATIONDATE,MODIFICATIONDATE,EXPIRES,REFRESHTOKEN,RESOURCEOWNERID,TOKEN,CLIENT_ID) values (3656,to_timestamp('12-JAN-16 05.12.26.040000000 PM','DD-MON-RR HH.MI.SS.FF AM'),to_timestamp('12-JAN-16 05.12.26.040000000 PM','DD-MON-RR HH.MI.SS.FF AM'),1452651146035,null,'admin','59251347-1a99-45d7-987c-0a6f0a20eec7',99998);
Insert into OE_APIS_OAUTH2.ACCESSTOKEN (ID,CREATIONDATE,MODIFICATIONDATE,EXPIRES,REFRESHTOKEN,RESOURCEOWNERID,TOKEN,CLIENT_ID) values (3651,to_timestamp('12-JAN-16 05.08.21.964000000 PM','DD-MON-RR HH.MI.SS.FF AM'),to_timestamp('12-JAN-16 05.08.21.964000000 PM','DD-MON-RR HH.MI.SS.FF AM'),0,null,'authserverclient','b5f78a97-98ef-439a-9751-a954f51c38bf',88888);
Insert into OE_APIS_OAUTH2.ACCESSTOKEN (ID,CREATIONDATE,MODIFICATIONDATE,EXPIRES,REFRESHTOKEN,RESOURCEOWNERID,TOKEN,CLIENT_ID) values (3657,to_timestamp('12-JAN-16 05.12.26.256000000 PM','DD-MON-RR HH.MI.SS.FF AM'),to_timestamp('12-JAN-16 05.12.26.256000000 PM','DD-MON-RR HH.MI.SS.FF AM'),1452651146255,null,'admin','108ab1dc-ed3c-4f0b-b464-4539ca7f5d87',99998);

Insert into OE_APIS_OAUTH2.ACCESSTOKEN_SCOPES (ACCESSTOKEN_ID,ELEMENT) values (3656,'read');
Insert into OE_APIS_OAUTH2.ACCESSTOKEN_SCOPES (ACCESSTOKEN_ID,ELEMENT) values (3656,'write');
Insert into OE_APIS_OAUTH2.ACCESSTOKEN_SCOPES (ACCESSTOKEN_ID,ELEMENT) values (3657,'read');
Insert into OE_APIS_OAUTH2.ACCESSTOKEN_SCOPES (ACCESSTOKEN_ID,ELEMENT) values (3657,'write');
 
Insert into OE_APIS_OAUTH2.CLIENT (ID,CREATIONDATE,MODIFICATIONDATE,CLIENTID,CONTACTEMAIL,CONTACTNAME,DESCRIPTION,EXPIREDURATION,CLIENTNAME,ALLOWEDIMPLICITGRANT,ALLOWEDCLIENTCREDENTIALS,SECRET,SKIPCONSENT,INCLUDEPRINCIPAL,THUMBNAILURL,USEREFRESHTOKENS,RESOURCESERVER_ID) values (451,to_timestamp('06-JAN-16 11.47.01.101000000 AM','DD-MON-RR HH.MI.SS.FF AM'),to_timestamp('10-JAN-16 04.53.03.131000000 AM','DD-MON-RR HH.MI.SS.FF AM'),'oe_store_mobile_app','igor@objectedge.com','Igor','Client for OE_Store, which will follow explicit grant flow for registered users.',3600,'OE_Store_Mobile_App',1,0,null,0,0,'https://raw.github.com/OpenConextApps/apis/master/apis-images/surf-oauth-client.png',1,99999);
Insert into OE_APIS_OAUTH2.CLIENT (ID,CREATIONDATE,MODIFICATIONDATE,CLIENTID,CONTACTEMAIL,CONTACTNAME,DESCRIPTION,EXPIREDURATION,CLIENTNAME,ALLOWEDIMPLICITGRANT,ALLOWEDCLIENTCREDENTIALS,SECRET,SKIPCONSENT,INCLUDEPRINCIPAL,THUMBNAILURL,USEREFRESHTOKENS,RESOURCESERVER_ID) values (452,to_timestamp('06-JAN-16 11.56.22.121000000 AM','DD-MON-RR HH.MI.SS.FF AM'),to_timestamp('10-JAN-16 04.52.45.237000000 AM','DD-MON-RR HH.MI.SS.FF AM'),'oe_store_as_client','igor@objectedge.com','Igor','OE_Store acts as a trusted client, used to issue tokens for guest users.',3600,'OE_Store_As_Client',0,1,'348ae4fd-2a72-4468-9a3f-34558f32dd9e',0,0,'https://raw.github.com/OpenConextApps/apis/master/apis-images/surf-oauth-client.png',0,99999);
Insert into OE_APIS_OAUTH2.CLIENT (ID,CREATIONDATE,MODIFICATIONDATE,CLIENTID,CONTACTEMAIL,CONTACTNAME,DESCRIPTION,EXPIREDURATION,CLIENTNAME,ALLOWEDIMPLICITGRANT,ALLOWEDCLIENTCREDENTIALS,SECRET,SKIPCONSENT,INCLUDEPRINCIPAL,THUMBNAILURL,USEREFRESHTOKENS,RESOURCESERVER_ID) values (99998,to_timestamp('12-JAN-16 05.04.46.751000000 PM','DD-MON-RR HH.MI.SS.FF AM'),to_timestamp('12-JAN-16 05.04.46.751000000 PM','DD-MON-RR HH.MI.SS.FF AM'),'authorization-server-admin-js-client','igor@objectedge.com','Igor','Javascript application for authorization server administration',3600,'Authorization Server Admin Client',1,null,null,null,0,'https://raw.github.com/OpenConextApps/apis/master/apis-images/surf-oauth-client.png',null,99998);
Insert into OE_APIS_OAUTH2.CLIENT (ID,CREATIONDATE,MODIFICATIONDATE,CLIENTID,CONTACTEMAIL,CONTACTNAME,DESCRIPTION,EXPIREDURATION,CLIENTNAME,ALLOWEDIMPLICITGRANT,ALLOWEDCLIENTCREDENTIALS,SECRET,SKIPCONSENT,INCLUDEPRINCIPAL,THUMBNAILURL,USEREFRESHTOKENS,RESOURCESERVER_ID) values (88888,null,null,'authserverclient','igor@objectedge.com','Igor','AuthServer -> OEStore Client',0,'authserverclient',null,1,'d9dabeae-ce58-4cc1-94b9-17cbcc3add92',0,0,'https://raw.github.com/OpenConextApps/apis/master/apis-images/surf-oauth-client.png',0,99999);


Insert into OE_APIS_OAUTH2.CLIENT_SCOPES (CLIENT_ID,ELEMENT) values (451,'read');
Insert into OE_APIS_OAUTH2.CLIENT_SCOPES (CLIENT_ID,ELEMENT) values (451,'write');
Insert into OE_APIS_OAUTH2.CLIENT_SCOPES (CLIENT_ID,ELEMENT) values (452,'read');
Insert into OE_APIS_OAUTH2.CLIENT_SCOPES (CLIENT_ID,ELEMENT) values (452,'write');
Insert into OE_APIS_OAUTH2.CLIENT_SCOPES (CLIENT_ID,ELEMENT) values (99998,'read');
Insert into OE_APIS_OAUTH2.CLIENT_SCOPES (CLIENT_ID,ELEMENT) values (99998,'write');

Insert into OE_APIS_OAUTH2.RESOURCESERVER (ID,CREATIONDATE,MODIFICATIONDATE,CONTACTEMAIL,CONTACTNAME,DESCRIPTION,RESOURCESERVERKEY,RESOURCESERVERNAME,OWNER,SECRET,THUMBNAILURL) values (99999,to_timestamp('06-JAN-16 11.43.32.863000000 AM','DD-MON-RR HH.MI.SS.FF AM'),to_timestamp('10-JAN-16 04.45.31.060000000 AM','DD-MON-RR HH.MI.SS.FF AM'),'igor@objectedge.com','Igor','OE Store, fronted by OEAPI.','oestore','OE_Store','dummyProfileId','58b749f7-acb3-44b7-a38c-53d5ad740cf6','https://raw.github.com/OpenConextApps/apis/master/apis-images/university.png');
Insert into OE_APIS_OAUTH2.RESOURCESERVER (ID,CREATIONDATE,MODIFICATIONDATE,CONTACTEMAIL,CONTACTNAME,DESCRIPTION,RESOURCESERVERKEY,RESOURCESERVERNAME,OWNER,SECRET,THUMBNAILURL) values (99998,null,null,'localadmin@example.com','local admin',null,'authorization-server-admin','auth_server_apis','admin','cafebabe-cafe-babe-cafe-babecafebabe','https://raw.github.com/OpenConextApps/apis/master/apis-images/surf-oauth.png');

Insert into OE_APIS_OAUTH2.RESOURCESERVER_SCOPES (RESOURCESERVER_ID,ELEMENT) values (99998,'read');
Insert into OE_APIS_OAUTH2.RESOURCESERVER_SCOPES (RESOURCESERVER_ID,ELEMENT) values (99998,'write');
Insert into OE_APIS_OAUTH2.RESOURCESERVER_SCOPES (RESOURCESERVER_ID,ELEMENT) values (99998,'read');
Insert into OE_APIS_OAUTH2.RESOURCESERVER_SCOPES (RESOURCESERVER_ID,ELEMENT) values (99998,'write');
  